<?xml version="1.0" encoding="UTF-8"?>
<project-private xmlns="http://www.netbeans.org/ns/project-private/1">
    <editor-bookmarks xmlns="http://www.netbeans.org/ns/editor-bookmarks/2" lastBookmarkId="0"/>
    <open-files xmlns="http://www.netbeans.org/ns/projectui-open-files/2">
        <group>
            <file>file:/C:/Users/Duarte/Desktop/entrega%20pp/PP_GRUPO2/src/Exceptions/EditionsWithoutSubmissionsCompleted.java</file>
            <file>file:/C:/Users/Duarte/Desktop/entrega%20pp/PP_GRUPO2/src/Exceptions/InstituitionNotFound.java</file>
            <file>file:/C:/Users/Duarte/Desktop/entrega%20pp/PP_GRUPO2/src/Exceptions/TagAlreadyInProject.java</file>
            <file>file:/C:/Users/Duarte/Desktop/entrega%20pp/PP_GRUPO2/src/Exceptions/NotAStudent.java</file>
            <file>file:/C:/Users/Duarte/Desktop/entrega%20pp/PP_GRUPO2/src/Exceptions/EditionAlreadyExists.java</file>
            <file>file:/C:/Users/Duarte/Desktop/entrega%20pp/PP_GRUPO2/src/Exceptions/EditionNotFound.java</file>
            <file>file:/C:/Users/Duarte/Desktop/entrega%20pp/PP_GRUPO2/src/Exceptions/EditionWithoutSubmissionsCompleted.java</file>
        </group>
    </open-files>
</project-private>
